Company Name,,Tags
Flexi Medical Cloud (Flexi-Dent),flexi-dent.hu,Banyan; PE
Eclipse EHR Solutions,eclipsepracticemanagementsoftware.com,Banyan; PE
WebOps,webops.com,Banyan; PE
HR4 Ltd.,hr4.com,Banyan; PE
Berkeley Myles Solutions,progress-plus.co.uk,Banyan; PE
Agile Fleet,agilefleet.com,Banyan; PE
star/trac supply chain solutions,star-trac.de,Banyan; PE
Coded Inc. (CodeOne),codeoneportal.com,Banyan; PE
BuRPS,burps.com.au,Banyan; PE
Intuitive Systems,intuitivesystems.com,Banyan; PE
Touchstream,touchstream.media,Banyan; PE
Mosaic Learning,mosaiclearning.com,Banyan; PE
Hancock Software,hancocksoftware.com,Banyan; PE
Medtech Global,medtechglobal.com,Banyan; PE
FoxInsights,foxinsights.ai,Banyan; PE
youRhere,yourhere.ca,Banyan; PE
Automated Systems Inc. (ASI),asiweb.com,Banyan; PE
American Bank Systems,americanbanksystems.com,Banyan; PE
DRT Performance Tix,drttix.com,Banyan; PE
Gemini Shale Solutions,geminishale.com,Banyan; PE
Fedelta,fedeltapos.com,Banyan; PE
DualEnroll,dualenroll.com,Banyan; PE
SmartDocuments,smartdocuments.com,Banyan; PE
Mall Maverick,mallmaverick.com,Banyan; PE
WorldSmart,worldsmart.com.au,Banyan; PE
Health-e Workforce Solutions (HeWS),hewssolutions.com,Banyan; PE
Snappic,snappic.com,Banyan; PE
Viostream,viostream.com,Banyan; PE
Softera Oy,softera.com,Banyan; PE
Software Answers,software-answers.com,Banyan; PE
SubItUp,subitup.com,Banyan; PE
Tecksoft,tecksoft.com,Banyan; PE
VersaBadge,versabadge.com,Banyan; PE
PromoSuite,promosuite.com,Banyan; PE
Intelligenz Ltd,intelligenz.com,Banyan; PE
Vivid Reports,vividreports.com,Banyan; PE
ResolutionMD,resolutionmd.com,Banyan; PE
Comtronic Systems,comtronicsystems.com,Banyan; PE
FutureNet,futurenetpos.com,Banyan; PE
The Lake Companies,thelakecompanies.com,Banyan; PE
FXCubic,fxcubic.com,Banyan; PE
GoalLine Solutions,goalline.ca,Banyan; PE
TrackMy Solutions,trackmysolutions.com,Banyan; PE
ICONI Software,iconisoftware.com,Banyan; PE
Mobile Identify,mobileidentify.com,Banyan; PE
Levl Telematics,levltelematics.com,Banyan; PE
Immo-Office,immo-office.de,Banyan; PE
RubensteinTech,rubensteintech.com,Banyan; PE
SqBx,sqbx.com,Banyan; PE
Campus Cafe,campuscafesoftware.com,Banyan; PE
HW Computer Systems,hwcs.com,Banyan; PE
Linxio,linxio.com,Banyan; PE
BeQuick,bequick.com,Banyan; PE
SoftSmiths,softsmiths.com,Banyan; PE
Alpine Software,alpine-fire.com,Banyan; PE